run_id,fault_type,noise,phase_focus,t_fault,T_delay_s,T_missed,T_false_alarms,R_delay_s,R_missed,R_false_alarms
fault_bias_noise_low_seed_1_phase_climb,bias,low,climb,88.6401609667687,0,0,0,0,0,0
fault_bias_noise_low_seed_2_phase_climb,bias,low,climb,63.3009504712152,0,0,0,0,0,0
fault_bias_noise_low_seed_3_phase_climb,bias,low,climb,82.9470534940521,0,0,0,0,0,0
fault_bias_noise_low_seed_4_phase_climb,bias,low,climb,115.309567536022,0,0,0,0,0,0
fault_bias_noise_low_seed_5_phase_climb,bias,low,climb,109.975852695259,0,0,0,0,0,0
fault_bias_noise_low_seed_6_phase_climb,bias,low,climb,98.0795206497686,0,0,0,0,0,0
fault_bias_noise_low_seed_7_phase_climb,bias,low,climb,83.8326649345311,0,0,0,0,0,0
fault_bias_noise_low_seed_8_phase_climb,bias,low,climb,86.8468515121753,0,0,0,0,0,0
fault_bias_noise_low_seed_9_phase_climb,bias,low,climb,82.154455008643,0,0,0,0,0,0
fault_bias_noise_low_seed_10_phase_climb,bias,low,climb,115.986206827837,0,0,0,0,0,0
fault_bias_noise_low_seed_11_phase_climb,bias,low,climb,99.7298650519056,0,0,0,0,0,0
fault_bias_noise_low_seed_12_phase_climb,bias,low,climb,79.8732466731587,0,0,0,0,0,0
fault_bias_noise_low_seed_13_phase_climb,bias,low,climb,115.506995510061,0,0,0,0,0,0
fault_bias_noise_low_seed_14_phase_climb,bias,low,climb,112.830559009854,0,0,0,0,0,0
fault_bias_noise_low_seed_15_phase_climb,bias,low,climb,103.793381064744,0,0,0,0,0,0
fault_bias_noise_low_seed_16_phase_climb,bias,low,climb,81.8678526033291,0,0,0,0,0,0
fault_bias_noise_low_seed_17_phase_climb,bias,low,climb,87.8539679484279,0,0,0,0,0,0
fault_bias_noise_low_seed_18_phase_climb,bias,low,climb,60.2893441889549,0,0,0,0,0,0
fault_bias_noise_low_seed_19_phase_climb,bias,low,climb,67.1505524013671,0,0,0,0,0,0
fault_bias_noise_low_seed_20_phase_climb,bias,low,climb,91.5515574530428,0,0,0,0,0,0
fault_bias_noise_low_seed_21_phase_climb,bias,low,climb,72.3391533917479,0,0,0,0,0,0
fault_bias_noise_low_seed_22_phase_climb,bias,low,climb,61.2627227172336,0,0,0,0,0,0
fault_bias_noise_low_seed_23_phase_climb,bias,low,climb,70.2932512222857,0,0,0,0,0,0
fault_bias_noise_low_seed_24_phase_climb,bias,low,climb,114.646030270965,0,0,0,0,0,0
fault_bias_noise_low_seed_25_phase_climb,bias,low,climb,90.9673147116217,0,0,0,0,0,0
fault_bias_noise_low_seed_26_phase_climb,bias,low,climb,111.061386747605,0,0,0,0,0,0
fault_bias_noise_low_seed_27_phase_climb,bias,low,climb,80.3949514346715,0,0,0,0,0,0
fault_bias_noise_low_seed_28_phase_climb,bias,low,climb,116.229168972665,0,0,0,0,0,0
fault_bias_noise_low_seed_29_phase_climb,bias,low,climb,66.8739693212913,0,0,0,0,0,0
fault_bias_noise_low_seed_30_phase_climb,bias,low,climb,60.9285961575088,0,0,0,0,0,0
fault_bias_noise_low_seed_31_phase_climb,bias,low,climb,103.529557348756,0,0,0,0,0,0
fault_bias_noise_low_seed_32_phase_climb,bias,low,climb,111.899226464943,0,0,0,0,0,0
fault_bias_noise_low_seed_33_phase_climb,bias,low,climb,66.9045216583665,0,0,0,0,0,0
fault_bias_noise_low_seed_34_phase_climb,bias,low,climb,88.7144991634547,0,0,0,0,0,0
fault_bias_noise_low_seed_35_phase_climb,bias,low,climb,73.7205010351331,0,0,0,0,0,0
fault_bias_noise_low_seed_36_phase_climb,bias,low,climb,112.04835086923,0,0,0,0,0,0
fault_bias_noise_low_seed_37_phase_climb,bias,low,climb,112.916099122829,0,0,0,0,0,0
fault_bias_noise_low_seed_38_phase_climb,bias,low,climb,86.5678546478721,0,0,0,0,0,0
fault_bias_noise_low_seed_39_phase_climb,bias,low,climb,92.168223184974,0,0,0,0,0,0
fault_bias_noise_low_seed_40_phase_climb,bias,low,climb,113.523902948165,0,0,0,0,0,0
fault_bias_noise_low_seed_41_phase_climb,bias,low,climb,117.96726491484,0,0,0,0,0,0
fault_bias_noise_low_seed_42_phase_climb,bias,low,climb,97.5054931611917,0,0,0,0,0,0
fault_bias_noise_low_seed_43_phase_climb,bias,low,climb,64.3824715395075,0,0,0,0,0,0
fault_bias_noise_low_seed_44_phase_climb,bias,low,climb,115.648095668454,0,0,0,0,0,0
fault_bias_noise_low_seed_45_phase_climb,bias,low,climb,88.8290599478542,0,0,0,0,0,0
fault_bias_noise_low_seed_46_phase_climb,bias,low,climb,93.763092824281,0,0,0,0,0,0
fault_bias_noise_low_seed_47_phase_climb,bias,low,climb,92.660931208123,0,0,0,0,0,0
fault_bias_noise_low_seed_48_phase_climb,bias,low,climb,110.630753782704,0,0,0,0,0,0
fault_bias_noise_low_seed_49_phase_climb,bias,low,climb,104.129560700087,0,0,0,0,0,0
fault_bias_noise_low_seed_50_phase_climb,bias,low,climb,71.8053705239571,0,0,0,0,0,0
fault_bias_noise_low_seed_51_phase_descent,bias,low,descent,504.579835349505,0,0,0,0,0,0
fault_bias_noise_low_seed_52_phase_descent,bias,low,descent,529.637457029374,0,0,0,0,0,0
fault_bias_noise_low_seed_53_phase_descent,bias,low,descent,534.117291691553,0,0,0,0,0,0
fault_bias_noise_low_seed_54_phase_descent,bias,low,descent,529.597260386678,0,0,0,0,0,0
fault_bias_noise_low_seed_55_phase_descent,bias,low,descent,524.707310503816,0,0,0,0,0,0
fault_bias_noise_low_seed_56_phase_descent,bias,low,descent,506.31986086213,0,0,0,0,0,0
fault_bias_noise_low_seed_57_phase_descent,bias,low,descent,513.936546144956,0,0,0,0,0,0
fault_bias_noise_low_seed_58_phase_descent,bias,low,descent,501.333770579871,0,0,0,0,0,0
fault_bias_noise_low_seed_59_phase_descent,bias,low,descent,529.608612189536,0,0,0,0,0,0
fault_bias_noise_low_seed_60_phase_descent,bias,low,descent,513.339924186685,0,0,0,0,0,0
fault_bias_noise_low_seed_61_phase_descent,bias,low,descent,496.521109813247,0,0,0,0,0,0
fault_bias_noise_low_seed_62_phase_descent,bias,low,descent,534.707336416093,0,0,0,0,0,0
fault_bias_noise_low_seed_63_phase_descent,bias,low,descent,505.132392175752,0,0,0,0,0,0
fault_bias_noise_low_seed_64_phase_descent,bias,low,descent,508.417670699095,0,0,0,0,0,0
fault_bias_noise_low_seed_65_phase_descent,bias,low,descent,535.091573269419,0,0,0,0,0,0
fault_bias_noise_low_seed_66_phase_descent,bias,low,descent,510.073558818979,0,0,0,0,0,0
fault_bias_noise_low_seed_67_phase_descent,bias,low,descent,535.000917930143,0,0,0,0,0,0
fault_bias_noise_low_seed_68_phase_descent,bias,low,descent,512.362412243088,0,0,0,0,0,0
fault_bias_noise_low_seed_69_phase_descent,bias,low,descent,503.741840993564,0,0,0,0,0,0
fault_bias_noise_low_seed_70_phase_descent,bias,low,descent,507.853619044057,0,0,0,0,0,0
fault_bias_noise_low_seed_71_phase_descent,bias,low,descent,503.960169970948,0,0,0,0,0,0
fault_bias_noise_low_seed_72_phase_descent,bias,low,descent,536.803474018487,0,0,0,0,0,0
fault_bias_noise_low_seed_73_phase_descent,bias,low,descent,537.421381912508,0,0,0,0,0,0
fault_bias_noise_low_seed_74_phase_descent,bias,low,descent,513.712164770277,0,0,0,0,0,0
fault_bias_noise_low_seed_75_phase_descent,bias,low,descent,513.896863793393,0,0,0,0,0,0
fault_bias_noise_low_seed_76_phase_descent,bias,low,descent,499.484498476735,0,0,0,0,0,0
fault_bias_noise_low_seed_77_phase_descent,bias,low,descent,533.583076879153,0,0,0,0,0,0
fault_bias_noise_low_seed_78_phase_descent,bias,low,descent,530.319298449737,0,0,0,0,0,0
fault_bias_noise_low_seed_79_phase_descent,bias,low,descent,506.412932484974,0,0,0,0,0,0
fault_bias_noise_low_seed_80_phase_descent,bias,low,descent,503.993519306663,0,0,0,0,0,0
fault_bias_noise_low_seed_81_phase_descent,bias,low,descent,512.833347095673,0,0,0,0,0,0
fault_bias_noise_low_seed_82_phase_descent,bias,low,descent,517.70301610021,0,0,0,0,0,0
fault_bias_noise_low_seed_83_phase_descent,bias,low,descent,513.569764320671,0,0,0,0,0,0
fault_bias_noise_low_seed_84_phase_descent,bias,low,descent,518.307216669485,0,0,0,0,0,0
fault_bias_noise_low_seed_85_phase_descent,bias,low,descent,518.312853666802,0,0,0,0,0,0
fault_bias_noise_low_seed_86_phase_descent,bias,low,descent,536.741334398529,0,0,0,0,0,0
fault_bias_noise_low_seed_87_phase_descent,bias,low,descent,506.779989373515,0,0,0,0,0,0
fault_bias_noise_low_seed_88_phase_descent,bias,low,descent,505.197840714644,0,0,0,0,0,0
fault_bias_noise_low_seed_89_phase_descent,bias,low,descent,506.340667248578,0,0,0,0,0,0
fault_bias_noise_low_seed_90_phase_descent,bias,low,descent,531.805130009288,0,0,0,0,0,0
fault_bias_noise_low_seed_91_phase_descent,bias,low,descent,514.9240357626,0,0,0,0,0,0
fault_bias_noise_low_seed_92_phase_descent,bias,low,descent,509.861504083449,0,0,0,0,0,0
fault_bias_noise_low_seed_93_phase_descent,bias,low,descent,537.019308362716,0,0,0,0,0,0
fault_bias_noise_low_seed_94_phase_descent,bias,low,descent,497.244704970306,0,0,0,0,0,0
fault_bias_noise_low_seed_95_phase_descent,bias,low,descent,530.76805415151,0,0,0,0,0,0
fault_bias_noise_low_seed_96_phase_descent,bias,low,descent,521.687768578724,0,0,0,0,0,0
fault_bias_noise_low_seed_97_phase_descent,bias,low,descent,497.839434683163,0,0,0,0,0,0
fault_bias_noise_low_seed_98_phase_descent,bias,low,descent,498.98985132907,0,0,0,0,0,0
fault_bias_noise_low_seed_99_phase_descent,bias,low,descent,509.594670223539,0,0,0,0,0,0
fault_bias_noise_low_seed_100_phase_descent,bias,low,descent,538.273075826845,0,0,0,0,0,0
fault_bias_noise_med_seed_101_phase_climb,bias,med,climb,108.539828592332,0,0,6,0,0,6
fault_bias_noise_med_seed_102_phase_climb,bias,med,climb,102.814873755821,0,0,5,0,0,5
fault_bias_noise_med_seed_103_phase_climb,bias,med,climb,96.2956062964823,0,0,5,0,0,5
fault_bias_noise_med_seed_104_phase_climb,bias,med,climb,94.720252374156,0,0,4,0,0,4
fault_bias_noise_med_seed_105_phase_climb,bias,med,climb,82.8359169150496,0,0,5,0,0,5
fault_bias_noise_med_seed_106_phase_climb,bias,med,climb,92.0085811789358,0,0,2,0,0,2
fault_bias_noise_med_seed_107_phase_climb,bias,med,climb,84.1010959271413,0,0,6,0,0,6
fault_bias_noise_med_seed_108_phase_climb,bias,med,climb,69.4812220391972,0,0,1,0,0,1
fault_bias_noise_med_seed_109_phase_climb,bias,med,climb,109.868164366587,0,0,5,0,0,5
fault_bias_noise_med_seed_110_phase_climb,bias,med,climb,82.4940654461682,0,0,4,0,0,4
fault_bias_noise_med_seed_111_phase_climb,bias,med,climb,80.9326214253828,0,0,4,0,0,4
fault_bias_noise_med_seed_112_phase_climb,bias,med,climb,73.2910258128917,0,0,7,0,0,7
fault_bias_noise_med_seed_113_phase_climb,bias,med,climb,67.7092414107245,0,0,2,0,0,2
fault_bias_noise_med_seed_114_phase_climb,bias,med,climb,67.2929988970182,0,0,1,0,0,1
fault_bias_noise_med_seed_115_phase_climb,bias,med,climb,119.54373347604,0,0,4,0,0,4
fault_bias_noise_med_seed_116_phase_climb,bias,med,climb,93.8559907296068,0,0,1,0,0,1
fault_bias_noise_med_seed_117_phase_climb,bias,med,climb,94.0214188474274,0,0,1,0,0,1
fault_bias_noise_med_seed_118_phase_climb,bias,med,climb,75.6373885421089,0,0,2,0,0,2
fault_bias_noise_med_seed_119_phase_climb,bias,med,climb,61.9100615950634,0,0,1,0,0,1
fault_bias_noise_med_seed_120_phase_climb,bias,med,climb,106.116377979055,0,0,5,0,0,5
fault_bias_noise_med_seed_121_phase_climb,bias,med,climb,109.747042760874,0,0,8,0,0,8
fault_bias_noise_med_seed_122_phase_climb,bias,med,climb,93.3581789513043,0,0,2,0,0,2
fault_bias_noise_med_seed_123_phase_climb,bias,med,climb,80.1065032716006,0,0,6,0,0,6
fault_bias_noise_med_seed_124_phase_climb,bias,med,climb,84.6904315922045,0,0,7,0,0,7
fault_bias_noise_med_seed_125_phase_climb,bias,med,climb,86.7064532221864,0,0,6,0,0,6
fault_bias_noise_med_seed_126_phase_climb,bias,med,climb,113.108970590118,0,0,4,0,0,4
fault_bias_noise_med_seed_127_phase_climb,bias,med,climb,113.517111644429,0,0,5,0,0,5
fault_bias_noise_med_seed_128_phase_climb,bias,med,climb,68.8963598966699,0,0,2,0,0,2
fault_bias_noise_med_seed_129_phase_climb,bias,med,climb,115.807538804513,0,0,3,0,0,3
fault_bias_noise_med_seed_130_phase_climb,bias,med,climb,69.3464225600945,0,0,5,0,0,5
fault_bias_noise_med_seed_131_phase_climb,bias,med,climb,116.446070860149,0,0,1,0,0,1
fault_bias_noise_med_seed_132_phase_climb,bias,med,climb,98.2842887524668,0,0,2,0,0,2
fault_bias_noise_med_seed_133_phase_climb,bias,med,climb,79.4681650615127,0,0,1,0,0,1
fault_bias_noise_med_seed_134_phase_climb,bias,med,climb,115.07103257666,0,0,5,0,0,5
fault_bias_noise_med_seed_135_phase_climb,bias,med,climb,107.075033937129,0,0,9,0,0,9
fault_bias_noise_med_seed_136_phase_climb,bias,med,climb,101.489956920408,0,0,5,0,0,5
fault_bias_noise_med_seed_137_phase_climb,bias,med,climb,63.538742608863,0,0,1,0,0,1
fault_bias_noise_med_seed_138_phase_climb,bias,med,climb,106.848085585085,0,0,6,0,0,6
fault_bias_noise_med_seed_139_phase_climb,bias,med,climb,115.43095797004,0,0,3,0,0,3
fault_bias_noise_med_seed_140_phase_climb,bias,med,climb,91.8013099646939,0,0,2,0,0,2
fault_bias_noise_med_seed_141_phase_climb,bias,med,climb,74.0391034154644,0,0,1,0,0,1
fault_bias_noise_med_seed_142_phase_climb,bias,med,climb,99.0850562722261,0,0,3,0,0,3
fault_bias_noise_med_seed_143_phase_climb,bias,med,climb,85.4538290720892,0,0,4,0,0,4
fault_bias_noise_med_seed_144_phase_climb,bias,med,climb,85.9468277619072,0,0,3,0,0,3
fault_bias_noise_med_seed_145_phase_climb,bias,med,climb,119.328334344587,0,0,1,0,0,1
fault_bias_noise_med_seed_146_phase_climb,bias,med,climb,89.6081392000358,0,0,4,0,0,4
fault_bias_noise_med_seed_147_phase_climb,bias,med,climb,101.926340947071,0,0,2,0,0,2
fault_bias_noise_med_seed_148_phase_climb,bias,med,climb,109.030450484089,0,0,6,0,0,6
fault_bias_noise_med_seed_149_phase_climb,bias,med,climb,69.3771538762987,0,0,3,0,0,3
fault_bias_noise_med_seed_150_phase_climb,bias,med,climb,118.725436900918,0,0,1,0,0,1
fault_bias_noise_med_seed_151_phase_descent,bias,med,descent,528.369287634926,0,0,15,0,0,15
fault_bias_noise_med_seed_152_phase_descent,bias,med,descent,535.374508872619,0,0,26,0,0,26
fault_bias_noise_med_seed_153_phase_descent,bias,med,descent,498.709906007783,0,0,34,0,0,34
fault_bias_noise_med_seed_154_phase_descent,bias,med,descent,497.449747120553,0,0,13,0,0,13
fault_bias_noise_med_seed_155_phase_descent,bias,med,descent,501.763836736658,0,0,18,0,0,18
fault_bias_noise_med_seed_156_phase_descent,bias,med,descent,496.194819609201,0,0,20,0,0,20
fault_bias_noise_med_seed_157_phase_descent,bias,med,descent,495.471927942255,0,0,20,0,0,20
fault_bias_noise_med_seed_158_phase_descent,bias,med,descent,514.938823805044,0,0,20,0,0,20
fault_bias_noise_med_seed_159_phase_descent,bias,med,descent,516.675834493269,0,0,23,0,0,23
fault_bias_noise_med_seed_160_phase_descent,bias,med,descent,537.900887671376,0,0,27,0,0,27
fault_bias_noise_med_seed_161_phase_descent,bias,med,descent,538.280362274938,0,0,29,0,0,29
fault_bias_noise_med_seed_162_phase_descent,bias,med,descent,538.088964887093,0,0,18,0,0,18
fault_bias_noise_med_seed_163_phase_descent,bias,med,descent,513.169309863007,0,0,26,0,0,26
fault_bias_noise_med_seed_164_phase_descent,bias,med,descent,510.58584959069,0,0,23,0,0,23
fault_bias_noise_med_seed_165_phase_descent,bias,med,descent,512.045174891449,0,0,17,0,0,17
fault_bias_noise_med_seed_166_phase_descent,bias,med,descent,516.972374382207,0,0,23,0,0,23
fault_bias_noise_med_seed_167_phase_descent,bias,med,descent,495.547376634861,0,0,17,0,0,17
fault_bias_noise_med_seed_168_phase_descent,bias,med,descent,495.459970237192,0,0,24,0,0,24
fault_bias_noise_med_seed_169_phase_descent,bias,med,descent,517.998063757345,0,0,19,0,0,19
fault_bias_noise_med_seed_170_phase_descent,bias,med,descent,496.709481013877,0,0,24,0,0,24
fault_bias_noise_med_seed_171_phase_descent,bias,med,descent,501.084096755596,0,0,21,0,0,21
fault_bias_noise_med_seed_172_phase_descent,bias,med,descent,499.842080073363,0,0,17,0,0,17
fault_bias_noise_med_seed_173_phase_descent,bias,med,descent,513.513384510532,0,0,33,0,0,33
fault_bias_noise_med_seed_174_phase_descent,bias,med,descent,517.402266904295,0,0,20,0,0,20
fault_bias_noise_med_seed_175_phase_descent,bias,med,descent,516.438163907922,0,0,22,0,0,22
fault_bias_noise_med_seed_176_phase_descent,bias,med,descent,536.951496776753,0,0,24,0,0,24
fault_bias_noise_med_seed_177_phase_descent,bias,med,descent,509.406568164744,0,0,22,0,0,22
fault_bias_noise_med_seed_178_phase_descent,bias,med,descent,506.885978034653,0,0,19,0,0,19
fault_bias_noise_med_seed_179_phase_descent,bias,med,descent,529.399646716621,0,0,20,0,0,20
fault_bias_noise_med_seed_180_phase_descent,bias,med,descent,501.742271481201,0,0,21,0,0,21
fault_bias_noise_med_seed_181_phase_descent,bias,med,descent,502.661892320241,0,0,20,0,0,20
fault_bias_noise_med_seed_182_phase_descent,bias,med,descent,509.734564322442,0,0,21,0,0,21
fault_bias_noise_med_seed_183_phase_descent,bias,med,descent,521.214294515416,0,0,33,0,0,33
fault_bias_noise_med_seed_184_phase_descent,bias,med,descent,527.326236845088,0,0,28,0,0,28
fault_bias_noise_med_seed_185_phase_descent,bias,med,descent,531.077202782182,0,0,27,0,0,27
fault_bias_noise_med_seed_186_phase_descent,bias,med,descent,501.458361896632,0,0,21,0,0,21
fault_bias_noise_med_seed_187_phase_descent,bias,med,descent,496.377926044767,0,0,24,0,0,24
fault_bias_noise_med_seed_188_phase_descent,bias,med,descent,516.665030289568,0,0,18,0,0,18
fault_bias_noise_med_seed_189_phase_descent,bias,med,descent,499.392293289819,0,0,19,0,0,19
fault_bias_noise_med_seed_190_phase_descent,bias,med,descent,534.006447215575,0,0,23,0,0,23
fault_bias_noise_med_seed_191_phase_descent,bias,med,descent,513.188511566834,0,0,26,0,0,26
fault_bias_noise_med_seed_192_phase_descent,bias,med,descent,529.550585578434,0,0,27,0,0,27
fault_bias_noise_med_seed_193_phase_descent,bias,med,descent,495.617179059956,0,0,20,0,0,20
fault_bias_noise_med_seed_194_phase_descent,bias,med,descent,520.681890631213,0,0,17,0,0,17
fault_bias_noise_med_seed_195_phase_descent,bias,med,descent,506.839738224834,0,0,14,0,0,14
fault_bias_noise_med_seed_196_phase_descent,bias,med,descent,532.800895587439,0,0,30,0,0,30
fault_bias_noise_med_seed_197_phase_descent,bias,med,descent,518.525333615543,0,0,23,0,0,23
fault_bias_noise_med_seed_198_phase_descent,bias,med,descent,539.609395030547,0,0,17,0,0,17
fault_bias_noise_med_seed_199_phase_descent,bias,med,descent,503.082204216669,0,0,22,0,0,22
fault_bias_noise_med_seed_200_phase_descent,bias,med,descent,537.435530793404,0,0,24,0,0,24
fault_bias_noise_high_seed_201_phase_climb,bias,high,climb,99.5041273787341,0,0,110,0,0,110
fault_bias_noise_high_seed_202_phase_climb,bias,high,climb,119.579383175831,0,0,129,0,0,129
fault_bias_noise_high_seed_203_phase_climb,bias,high,climb,71.0750170561349,0,0,78,0,0,78
fault_bias_noise_high_seed_204_phase_climb,bias,high,climb,69.2320485388821,0,0,72,0,0,72
fault_bias_noise_high_seed_205_phase_climb,bias,high,climb,101.929560509184,0,0,114,0,0,114
fault_bias_noise_high_seed_206_phase_climb,bias,high,climb,92.4761955848054,0,0,106,0,0,106
fault_bias_noise_high_seed_207_phase_climb,bias,high,climb,86.7721063237342,0,0,99,0,0,99
fault_bias_noise_high_seed_208_phase_climb,bias,high,climb,69.0040413421313,0,0,76,0,0,76
fault_bias_noise_high_seed_209_phase_climb,bias,high,climb,98.4917075836641,0,0,96,0,0,96
fault_bias_noise_high_seed_210_phase_climb,bias,high,climb,102.082646152893,0,0,113,0,0,113
fault_bias_noise_high_seed_211_phase_climb,bias,high,climb,70.5779911383657,0,0,83,0,0,83
fault_bias_noise_high_seed_212_phase_climb,bias,high,climb,63.9105020076362,0,0,76,0,0,76
fault_bias_noise_high_seed_213_phase_climb,bias,high,climb,117.143067509487,0,0,130,0,0,130
fault_bias_noise_high_seed_214_phase_climb,bias,high,climb,98.9137832191315,0,0,100,0,0,100
fault_bias_noise_high_seed_215_phase_climb,bias,high,climb,68.8657654830661,0,0,71,0,0,71
fault_bias_noise_high_seed_216_phase_climb,bias,high,climb,88.9049656033013,0,0,100,0,0,100
fault_bias_noise_high_seed_217_phase_climb,bias,high,climb,94.938072136519,0,0,100,0,0,100
fault_bias_noise_high_seed_218_phase_climb,bias,high,climb,81.4929348235683,0,0,91,0,0,91
fault_bias_noise_high_seed_219_phase_climb,bias,high,climb,88.3759691874639,0,0,97,0,0,97
fault_bias_noise_high_seed_220_phase_climb,bias,high,climb,62.3366273916911,0,0,66,0,0,66
fault_bias_noise_high_seed_221_phase_climb,bias,high,climb,77.7992765011957,0,0,79,0,0,79
fault_bias_noise_high_seed_222_phase_climb,bias,high,climb,107.969739989002,0,0,111,0,0,111
fault_bias_noise_high_seed_223_phase_climb,bias,high,climb,80.256968555869,0,0,83,0,0,83
fault_bias_noise_high_seed_224_phase_climb,bias,high,climb,100.620957683913,0,0,115,0,0,115
fault_bias_noise_high_seed_225_phase_climb,bias,high,climb,64.7282677931158,0,0,86,0,0,86
fault_bias_noise_high_seed_226_phase_climb,bias,high,climb,62.2346614130758,0,0,61,0,0,61
fault_bias_noise_high_seed_227_phase_climb,bias,high,climb,62.6721416115282,0,0,74,0,0,74
fault_bias_noise_high_seed_228_phase_climb,bias,high,climb,92.9737207413642,0,0,106,0,0,106
fault_bias_noise_high_seed_229_phase_climb,bias,high,climb,76.4591933030039,0,0,86,0,0,86
fault_bias_noise_high_seed_230_phase_climb,bias,high,climb,61.646942226619,0,0,78,0,0,78
fault_bias_noise_high_seed_231_phase_climb,bias,high,climb,84.182033682248,0,0,98,0,0,98
fault_bias_noise_high_seed_232_phase_climb,bias,high,climb,89.5771313069795,0,0,115,0,0,115
fault_bias_noise_high_seed_233_phase_climb,bias,high,climb,74.5675659519386,0,0,87,0,0,87
fault_bias_noise_high_seed_234_phase_climb,bias,high,climb,79.0882579341998,0,0,86,0,0,86
fault_bias_noise_high_seed_235_phase_climb,bias,high,climb,99.8678003870269,0,0,111,0,0,111
fault_bias_noise_high_seed_236_phase_climb,bias,high,climb,97.2711278162557,0,0,101,0,0,101
fault_bias_noise_high_seed_237_phase_climb,bias,high,climb,115.602322429418,0,0,147,0,0,147
fault_bias_noise_high_seed_238_phase_climb,bias,high,climb,100.717473222253,0,0,119,0,0,119
fault_bias_noise_high_seed_239_phase_climb,bias,high,climb,95.9753536564984,0,0,103,0,0,103
fault_bias_noise_high_seed_240_phase_climb,bias,high,climb,82.3610606322519,0,0,98,0,0,98
fault_bias_noise_high_seed_241_phase_climb,bias,high,climb,68.2570886111667,0,0,79,0,0,79
fault_bias_noise_high_seed_242_phase_climb,bias,high,climb,94.7091900048107,0,0,113,0,0,113
fault_bias_noise_high_seed_243_phase_climb,bias,high,climb,94.2828263613188,0,0,100,0,0,100
fault_bias_noise_high_seed_244_phase_climb,bias,high,climb,63.812298549987,0,0,73,0,0,73
fault_bias_noise_high_seed_245_phase_climb,bias,high,climb,80.2828301198747,0,0,91,0,0,91
fault_bias_noise_high_seed_246_phase_climb,bias,high,climb,97.2177335220348,0,0,117,0,0,117
fault_bias_noise_high_seed_247_phase_climb,bias,high,climb,95.6518073367987,0,0,92,0,0,92
fault_bias_noise_high_seed_248_phase_climb,bias,high,climb,78.8939284422549,0,0,68,0,0,68
fault_bias_noise_high_seed_249_phase_climb,bias,high,climb,98.4572839763477,0,0,111,0,0,111
fault_bias_noise_high_seed_250_phase_climb,bias,high,climb,71.2667727707381,0,0,76,0,0,76
fault_bias_noise_high_seed_251_phase_descent,bias,high,descent,500.486783666216,0,0,578,0,0,578
fault_bias_noise_high_seed_252_phase_descent,bias,high,descent,514.285602457405,0,0,566,0,0,566
fault_bias_noise_high_seed_253_phase_descent,bias,high,descent,523.811881185977,0,0,563,0,0,563
fault_bias_noise_high_seed_254_phase_descent,bias,high,descent,511.092966394999,0.799999999999955,0,538,0.799999999999955,0,538
fault_bias_noise_high_seed_255_phase_descent,bias,high,descent,511.934694187293,0,0,540,0,0,540
fault_bias_noise_high_seed_256_phase_descent,bias,high,descent,504.138168887858,0,0,532,0,0,532
fault_bias_noise_high_seed_257_phase_descent,bias,high,descent,535.066272132292,0,0,598,0,0,598
fault_bias_noise_high_seed_258_phase_descent,bias,high,descent,530.64644485379,0,0,559,0,0,559
fault_bias_noise_high_seed_259_phase_descent,bias,high,descent,528.758172871646,0,0,623,0,0,623
fault_bias_noise_high_seed_260_phase_descent,bias,high,descent,538.289644569051,0,0,601,0,0,601
fault_bias_noise_high_seed_261_phase_descent,bias,high,descent,512.21989894783,0,0,602,0,0,602
fault_bias_noise_high_seed_262_phase_descent,bias,high,descent,530.735563412902,0,0,587,0,0,587
fault_bias_noise_high_seed_263_phase_descent,bias,high,descent,514.628147866932,0,0,541,0,0,541
fault_bias_noise_high_seed_264_phase_descent,bias,high,descent,519.591637303722,0,0,571,0,0,571
fault_bias_noise_high_seed_265_phase_descent,bias,high,descent,506.884429930298,0,0,570,0,0,570
fault_bias_noise_high_seed_266_phase_descent,bias,high,descent,504.98213175587,0,0,568,0,0,568
fault_bias_noise_high_seed_267_phase_descent,bias,high,descent,515.456062030536,0,0,604,0,0,604
fault_bias_noise_high_seed_268_phase_descent,bias,high,descent,509.396818720373,0,0,552,0,0,552
fault_bias_noise_high_seed_269_phase_descent,bias,high,descent,509.709052024205,0,0,570,0,0,570
fault_bias_noise_high_seed_270_phase_descent,bias,high,descent,527.165552038896,0,0,541,0,0,541
fault_bias_noise_high_seed_271_phase_descent,bias,high,descent,503.708663271932,0,0,559,0,0,559
fault_bias_noise_high_seed_272_phase_descent,bias,high,descent,533.82382041211,0,0,584,0,0,584
fault_bias_noise_high_seed_273_phase_descent,bias,high,descent,533.866010390892,0,0,533,0,0,533
fault_bias_noise_high_seed_274_phase_descent,bias,high,descent,521.132150689567,0,0,582,0,0,582
fault_bias_noise_high_seed_275_phase_descent,bias,high,descent,505.300908342885,0,0,573,0,0,573
fault_bias_noise_high_seed_276_phase_descent,bias,high,descent,512.730858035394,0,0,615,0,0,615
fault_bias_noise_high_seed_277_phase_descent,bias,high,descent,529.080041589777,0,0,609,0,0,609
fault_bias_noise_high_seed_278_phase_descent,bias,high,descent,517.115088656409,0,0,549,0,0,549
fault_bias_noise_high_seed_279_phase_descent,bias,high,descent,516.890491408915,0,0,584,0,0,584
fault_bias_noise_high_seed_280_phase_descent,bias,high,descent,516.305325184529,0,0,588,0,0,588
fault_bias_noise_high_seed_281_phase_descent,bias,high,descent,528.164045253482,0,0,610,0,0,610
fault_bias_noise_high_seed_282_phase_descent,bias,high,descent,522.654339223174,0,0,562,0,0,562
fault_bias_noise_high_seed_283_phase_descent,bias,high,descent,539.770772198948,0,0,584,0,0,584
fault_bias_noise_high_seed_284_phase_descent,bias,high,descent,507.836213189383,0,0,557,0,0,557
fault_bias_noise_high_seed_285_phase_descent,bias,high,descent,511.670363870532,0,0,547,0,0,547
fault_bias_noise_high_seed_286_phase_descent,bias,high,descent,529.097925144979,0,0,583,0,0,583
fault_bias_noise_high_seed_287_phase_descent,bias,high,descent,504.641399318997,0.600000000000023,0,540,0.600000000000023,0,540
fault_bias_noise_high_seed_288_phase_descent,bias,high,descent,533.680513543997,0,0,595,0,0,595
fault_bias_noise_high_seed_289_phase_descent,bias,high,descent,528.980406401195,0,0,579,0,0,579
fault_bias_noise_high_seed_290_phase_descent,bias,high,descent,535.813861637368,0,0,584,0,0,584
fault_bias_noise_high_seed_291_phase_descent,bias,high,descent,495.281215237907,0,0,593,0,0,593
fault_bias_noise_high_seed_292_phase_descent,bias,high,descent,521.158802086185,0,0,589,0,0,589
fault_bias_noise_high_seed_293_phase_descent,bias,high,descent,509.34456082392,0,0,581,0,0,581
fault_bias_noise_high_seed_294_phase_descent,bias,high,descent,525.783721836844,0,0,580,0,0,580
fault_bias_noise_high_seed_295_phase_descent,bias,high,descent,514.675203943463,0,0,607,0,0,607
fault_bias_noise_high_seed_296_phase_descent,bias,high,descent,517.837290757312,0,0,570,0,0,570
fault_bias_noise_high_seed_297_phase_descent,bias,high,descent,539.82843152662,0,0,613,0,0,613
fault_bias_noise_high_seed_298_phase_descent,bias,high,descent,535.164910576424,0,0,619,0,0,619
fault_bias_noise_high_seed_299_phase_descent,bias,high,descent,538.791421331528,0,0,612,0,0,612
fault_bias_noise_high_seed_300_phase_descent,bias,high,descent,501.129304175398,0,0,559,0,0,559
fault_freeze_noise_low_seed_301_phase_climb,freeze,low,climb,65.3907738468644,NaN,1,0,5,0,0
fault_freeze_noise_low_seed_302_phase_climb,freeze,low,climb,68.4251817449282,NaN,1,0,5,0,0
fault_freeze_noise_low_seed_303_phase_climb,freeze,low,climb,102.082744461301,NaN,1,0,5,0,0
fault_freeze_noise_low_seed_304_phase_climb,freeze,low,climb,119.533622697985,NaN,1,0,5,0,0
fault_freeze_noise_low_seed_305_phase_climb,freeze,low,climb,60.2615906056367,NaN,1,0,4.99999999999999,0,0
fault_freeze_noise_low_seed_306_phase_climb,freeze,low,climb,87.3537471469188,NaN,1,0,5,0,0
fault_freeze_noise_low_seed_307_phase_climb,freeze,low,climb,111.686539036194,NaN,1,0,5,0,0
fault_freeze_noise_low_seed_308_phase_climb,freeze,low,climb,73.2594489508645,NaN,1,0,5.00000000000001,0,0
fault_freeze_noise_low_seed_309_phase_climb,freeze,low,climb,97.9970885517767,NaN,1,0,5,0,0
fault_freeze_noise_low_seed_310_phase_climb,freeze,low,climb,71.1555498018333,NaN,1,0,5,0,0
fault_freeze_noise_low_seed_311_phase_climb,freeze,low,climb,82.3310561508555,NaN,1,0,5,0,0
fault_freeze_noise_low_seed_312_phase_climb,freeze,low,climb,92.6917783494728,NaN,1,0,5,0,0
fault_freeze_noise_low_seed_313_phase_climb,freeze,low,climb,65.0074263216983,NaN,1,0,5,0,0
fault_freeze_noise_low_seed_314_phase_climb,freeze,low,climb,84.2303514139347,NaN,1,0,5,0,0
fault_freeze_noise_low_seed_315_phase_climb,freeze,low,climb,95.0392869526021,NaN,1,0,5,0,0
fault_freeze_noise_low_seed_316_phase_climb,freeze,low,climb,93.5300961125791,NaN,1,0,5,0,0
fault_freeze_noise_low_seed_317_phase_climb,freeze,low,climb,83.719015877069,NaN,1,0,5,0,0
fault_freeze_noise_low_seed_318_phase_climb,freeze,low,climb,91.0771900814544,NaN,1,0,5,0,0
fault_freeze_noise_low_seed_319_phase_climb,freeze,low,climb,86.0133508969218,NaN,1,0,5,0,0
fault_freeze_noise_low_seed_320_phase_climb,freeze,low,climb,94.3443010126396,NaN,1,0,5,0,0
fault_freeze_noise_low_seed_321_phase_climb,freeze,low,climb,117.191661548339,NaN,1,0,5,0,0
fault_freeze_noise_low_seed_322_phase_climb,freeze,low,climb,66.1843603281117,NaN,1,0,5,0,0
fault_freeze_noise_low_seed_323_phase_climb,freeze,low,climb,68.1071659584932,NaN,1,0,5,0,0
fault_freeze_noise_low_seed_324_phase_climb,freeze,low,climb,99.6721798360844,NaN,1,0,5,0,0
fault_freeze_noise_low_seed_325_phase_climb,freeze,low,climb,98.3825055857642,NaN,1,0,5,0,0
fault_freeze_noise_low_seed_326_phase_climb,freeze,low,climb,97.0830728137083,NaN,1,0,5,0,0
fault_freeze_noise_low_seed_327_phase_climb,freeze,low,climb,81.4999935749604,NaN,1,0,5,0,0
fault_freeze_noise_low_seed_328_phase_climb,freeze,low,climb,60.9721872921645,NaN,1,0,5,0,0
fault_freeze_noise_low_seed_329_phase_climb,freeze,low,climb,86.012650876733,NaN,1,0,5,0,0
fault_freeze_noise_low_seed_330_phase_climb,freeze,low,climb,118.828470157278,NaN,1,0,5,0,0
fault_freeze_noise_low_seed_331_phase_climb,freeze,low,climb,74.8650135024207,NaN,1,0,5,0,0
fault_freeze_noise_low_seed_332_phase_climb,freeze,low,climb,91.6036895944202,NaN,1,0,5,0,0
fault_freeze_noise_low_seed_333_phase_climb,freeze,low,climb,73.5965068983099,NaN,1,0,5,0,0
fault_freeze_noise_low_seed_334_phase_climb,freeze,low,climb,71.3029474882057,NaN,1,0,5,0,0
fault_freeze_noise_low_seed_335_phase_climb,freeze,low,climb,89.5945229259726,NaN,1,0,5,0,0
fault_freeze_noise_low_seed_336_phase_climb,freeze,low,climb,70.272178615909,NaN,1,0,5,0,0
fault_freeze_noise_low_seed_337_phase_climb,freeze,low,climb,76.414839531205,NaN,1,0,5,0,0
fault_freeze_noise_low_seed_338_phase_climb,freeze,low,climb,87.0153957232863,NaN,1,0,5,0,0
fault_freeze_noise_low_seed_339_phase_climb,freeze,low,climb,68.1581331753697,NaN,1,0,5,0,0
fault_freeze_noise_low_seed_340_phase_climb,freeze,low,climb,82.8722050393132,NaN,1,0,5,0,0
fault_freeze_noise_low_seed_341_phase_climb,freeze,low,climb,87.2990699529701,NaN,1,0,5,0,0
fault_freeze_noise_low_seed_342_phase_climb,freeze,low,climb,82.4107574226783,NaN,1,0,5,0,0
fault_freeze_noise_low_seed_343_phase_climb,freeze,low,climb,64.5348650448562,NaN,1,0,5,0,0
fault_freeze_noise_low_seed_344_phase_climb,freeze,low,climb,91.4871664133508,NaN,1,0,5,0,0
fault_freeze_noise_low_seed_345_phase_climb,freeze,low,climb,99.442839160464,NaN,1,0,5,0,0
fault_freeze_noise_low_seed_346_phase_climb,freeze,low,climb,66.3679200224143,NaN,1,0,5,0,0
fault_freeze_noise_low_seed_347_phase_climb,freeze,low,climb,97.7249933822731,NaN,1,0,5,0,0
fault_freeze_noise_low_seed_348_phase_climb,freeze,low,climb,79.2924796583504,NaN,1,0,5,0,0
fault_freeze_noise_low_seed_349_phase_climb,freeze,low,climb,103.282739465731,NaN,1,0,5,0,0
fault_freeze_noise_low_seed_350_phase_climb,freeze,low,climb,78.3349711124513,NaN,1,0,5,0,0
fault_freeze_noise_low_seed_351_phase_descent,freeze,low,descent,536.332456245586,NaN,1,0,5,0,0
fault_freeze_noise_low_seed_352_phase_descent,freeze,low,descent,500.394206558201,NaN,1,0,5,0,0
fault_freeze_noise_low_seed_353_phase_descent,freeze,low,descent,509.656090360842,NaN,1,0,5.00000000000006,0,0
fault_freeze_noise_low_seed_354_phase_descent,freeze,low,descent,517.159977581498,NaN,1,0,5,0,0
fault_freeze_noise_low_seed_355_phase_descent,freeze,low,descent,509.055185695588,NaN,1,0,5,0,0
fault_freeze_noise_low_seed_356_phase_descent,freeze,low,descent,506.249013567246,NaN,1,0,5,0,0
fault_freeze_noise_low_seed_357_phase_descent,freeze,low,descent,528.936878792158,NaN,1,0,5,0,0
fault_freeze_noise_low_seed_358_phase_descent,freeze,low,descent,500.243214409943,NaN,1,0,5,0,0
fault_freeze_noise_low_seed_359_phase_descent,freeze,low,descent,530.426724959189,NaN,1,0,5,0,0
fault_freeze_noise_low_seed_360_phase_descent,freeze,low,descent,526.911199232725,NaN,1,0,5,0,0
fault_freeze_noise_low_seed_361_phase_descent,freeze,low,descent,514.77849350461,NaN,1,0,5,0,0
fault_freeze_noise_low_seed_362_phase_descent,freeze,low,descent,519.159370039809,NaN,1,0,5,0,0
fault_freeze_noise_low_seed_363_phase_descent,freeze,low,descent,507.873285266012,NaN,1,0,5,0,0
fault_freeze_noise_low_seed_364_phase_descent,freeze,low,descent,502.270275895094,NaN,1,0,5,0,0
fault_freeze_noise_low_seed_365_phase_descent,freeze,low,descent,506.455808986204,NaN,1,0,5,0,0
fault_freeze_noise_low_seed_366_phase_descent,freeze,low,descent,537.646089520132,NaN,1,0,4.89999999999998,0,0
fault_freeze_noise_low_seed_367_phase_descent,freeze,low,descent,527.985379831779,NaN,1,0,5,0,0
fault_freeze_noise_low_seed_368_phase_descent,freeze,low,descent,499.286309267202,NaN,1,0,5,0,0
fault_freeze_noise_low_seed_369_phase_descent,freeze,low,descent,496.277461134757,NaN,1,0,5,0,0
fault_freeze_noise_low_seed_370_phase_descent,freeze,low,descent,508.690462183946,NaN,1,0,5.00000000000006,0,0
fault_freeze_noise_low_seed_371_phase_descent,freeze,low,descent,524.949517186824,NaN,1,0,5,0,0
fault_freeze_noise_low_seed_372_phase_descent,freeze,low,descent,537.198420336325,NaN,1,0,5,0,0
fault_freeze_noise_low_seed_373_phase_descent,freeze,low,descent,508.442585784511,NaN,1,0,5,0,0
fault_freeze_noise_low_seed_374_phase_descent,freeze,low,descent,496.414431193516,NaN,1,0,5,0,0
fault_freeze_noise_low_seed_375_phase_descent,freeze,low,descent,503.625073855889,NaN,1,0,5,0,0
fault_freeze_noise_low_seed_376_phase_descent,freeze,low,descent,527.955287101815,NaN,1,0,5,0,0
fault_freeze_noise_low_seed_377_phase_descent,freeze,low,descent,539.696574694067,NaN,1,0,5,0,0
fault_freeze_noise_low_seed_378_phase_descent,freeze,low,descent,507.470289013585,NaN,1,0,5,0,0
fault_freeze_noise_low_seed_379_phase_descent,freeze,low,descent,505.802824007066,NaN,1,0,5,0,0
fault_freeze_noise_low_seed_380_phase_descent,freeze,low,descent,534.259129590771,NaN,1,0,5,0,0
fault_freeze_noise_low_seed_381_phase_descent,freeze,low,descent,509.395894307165,NaN,1,0,4.89999999999998,0,0
fault_freeze_noise_low_seed_382_phase_descent,freeze,low,descent,517.707385189608,NaN,1,0,5,0,0
fault_freeze_noise_low_seed_383_phase_descent,freeze,low,descent,539.750600358385,NaN,1,0,5,0,0
fault_freeze_noise_low_seed_384_phase_descent,freeze,low,descent,498.15875691387,NaN,1,0,5,0,0
fault_freeze_noise_low_seed_385_phase_descent,freeze,low,descent,504.288959669613,NaN,1,0,5,0,0
fault_freeze_noise_low_seed_386_phase_descent,freeze,low,descent,514.455149875243,NaN,1,0,5,0,0
fault_freeze_noise_low_seed_387_phase_descent,freeze,low,descent,538.93362401262,NaN,1,0,5,0,0
fault_freeze_noise_low_seed_388_phase_descent,freeze,low,descent,508.868441004166,NaN,1,0,5,0,0
fault_freeze_noise_low_seed_389_phase_descent,freeze,low,descent,528.912979249052,NaN,1,0,4.89999999999998,0,0
fault_freeze_noise_low_seed_390_phase_descent,freeze,low,descent,508.069128826591,NaN,1,0,5,0,0
fault_freeze_noise_low_seed_391_phase_descent,freeze,low,descent,518.133396623975,NaN,1,0,5,0,0
fault_freeze_noise_low_seed_392_phase_descent,freeze,low,descent,509.285960396614,NaN,1,0,4.99999999999994,0,0
fault_freeze_noise_low_seed_393_phase_descent,freeze,low,descent,537.940130873104,NaN,1,0,5,0,0
fault_freeze_noise_low_seed_394_phase_descent,freeze,low,descent,529.691399965293,NaN,1,0,5,0,0
fault_freeze_noise_low_seed_395_phase_descent,freeze,low,descent,533.891329236896,NaN,1,0,4.89999999999998,0,0
fault_freeze_noise_low_seed_396_phase_descent,freeze,low,descent,508.963853790242,NaN,1,0,5,0,0
fault_freeze_noise_low_seed_397_phase_descent,freeze,low,descent,530.172862441401,NaN,1,0,5,0,0
fault_freeze_noise_low_seed_398_phase_descent,freeze,low,descent,529.498502334371,NaN,1,0,5,0,0
fault_freeze_noise_low_seed_399_phase_descent,freeze,low,descent,532.693331048058,NaN,1,0,5,0,0
fault_freeze_noise_low_seed_400_phase_descent,freeze,low,descent,538.66232286106,NaN,1,0,5,0,0
fault_freeze_noise_med_seed_401_phase_climb,freeze,med,climb,93.7176649458831,NaN,1,6,5,0,6
fault_freeze_noise_med_seed_402_phase_climb,freeze,med,climb,60.8603213280108,NaN,1,4,5,0,4
fault_freeze_noise_med_seed_403_phase_climb,freeze,med,climb,114.736461827277,NaN,1,4,5,0,4
fault_freeze_noise_med_seed_404_phase_climb,freeze,med,climb,60.1541772953642,NaN,1,1,5,0,1
fault_freeze_noise_med_seed_405_phase_climb,freeze,med,climb,63.8637377642381,NaN,1,3,5,0,3
fault_freeze_noise_med_seed_406_phase_climb,freeze,med,climb,113.341291975745,NaN,1,7,5,0,7
fault_freeze_noise_med_seed_407_phase_climb,freeze,med,climb,70.6741314760826,NaN,1,6,5,0,6
fault_freeze_noise_med_seed_408_phase_climb,freeze,med,climb,109.243393713735,NaN,1,2,5,0,2
fault_freeze_noise_med_seed_409_phase_climb,freeze,med,climb,103.344185747459,NaN,1,5,5,0,5
fault_freeze_noise_med_seed_410_phase_climb,freeze,med,climb,110.620241948253,NaN,1,8,5,0,8
fault_freeze_noise_med_seed_411_phase_climb,freeze,med,climb,93.6081525335119,NaN,1,3,5,0,3
fault_freeze_noise_med_seed_412_phase_climb,freeze,med,climb,92.1053298159958,NaN,1,4,5,0,4
fault_freeze_noise_med_seed_413_phase_climb,freeze,med,climb,100.618370869977,NaN,1,3,5,0,3
fault_freeze_noise_med_seed_414_phase_climb,freeze,med,climb,109.667073284275,NaN,1,5,5,0,5
fault_freeze_noise_med_seed_415_phase_climb,freeze,med,climb,94.7180903110643,NaN,1,6,5,0,6
fault_freeze_noise_med_seed_416_phase_climb,freeze,med,climb,61.9138351562996,NaN,1,3,5,0,3
fault_freeze_noise_med_seed_417_phase_climb,freeze,med,climb,114.41612797333,NaN,1,4,5,0,4
fault_freeze_noise_med_seed_418_phase_climb,freeze,med,climb,76.122051793019,NaN,1,4,5,0,4
fault_freeze_noise_med_seed_419_phase_climb,freeze,med,climb,110.391862143522,NaN,1,6,5,0,6
fault_freeze_noise_med_seed_420_phase_climb,freeze,med,climb,100.174385236037,NaN,1,2,5,0,2
fault_freeze_noise_med_seed_421_phase_climb,freeze,med,climb,91.3872748614325,NaN,1,2,5,0,2
fault_freeze_noise_med_seed_422_phase_climb,freeze,med,climb,99.1616518978293,NaN,1,3,5,0,3
fault_freeze_noise_med_seed_423_phase_climb,freeze,med,climb,100.385951871728,NaN,1,2,5,0,2
fault_freeze_noise_med_seed_424_phase_climb,freeze,med,climb,73.7601993148838,NaN,1,3,5.00000000000001,0,3
fault_freeze_noise_med_seed_425_phase_climb,freeze,med,climb,117.673535591805,NaN,1,5,5,0,5
fault_freeze_noise_med_seed_426_phase_climb,freeze,med,climb,114.334428985182,NaN,1,3,5,0,3
fault_freeze_noise_med_seed_427_phase_climb,freeze,med,climb,114.518878954873,NaN,1,3,5,0,3
fault_freeze_noise_med_seed_428_phase_climb,freeze,med,climb,111.736888056767,NaN,1,5,5,0,5
fault_freeze_noise_med_seed_429_phase_climb,freeze,med,climb,105.603655550548,NaN,1,2,5,0,2
fault_freeze_noise_med_seed_430_phase_climb,freeze,med,climb,82.590608998652,NaN,1,4,5,0,4
fault_freeze_noise_med_seed_431_phase_climb,freeze,med,climb,108.521588955605,NaN,1,2,5,0,2
fault_freeze_noise_med_seed_432_phase_climb,freeze,med,climb,76.2882716046419,NaN,1,1,5.00000000000001,0,1
fault_freeze_noise_med_seed_433_phase_climb,freeze,med,climb,67.7761509288683,NaN,1,3,5,0,3
fault_freeze_noise_med_seed_434_phase_climb,freeze,med,climb,92.2931741670235,NaN,1,7,5,0,7
fault_freeze_noise_med_seed_435_phase_climb,freeze,med,climb,79.8828158223202,NaN,1,1,5,0,1
fault_freeze_noise_med_seed_436_phase_climb,freeze,med,climb,105.729654744931,NaN,1,6,5,0,6
fault_freeze_noise_med_seed_437_phase_climb,freeze,med,climb,113.834725867395,NaN,1,1,5,0,1
fault_freeze_noise_med_seed_438_phase_climb,freeze,med,climb,106.045859022568,NaN,1,6,5,0,6
fault_freeze_noise_med_seed_439_phase_climb,freeze,med,climb,70.6781808675195,NaN,1,4,5,0,4
fault_freeze_noise_med_seed_440_phase_climb,freeze,med,climb,100.815166761838,NaN,1,2,5,0,2
fault_freeze_noise_med_seed_441_phase_climb,freeze,med,climb,91.4441370748368,NaN,1,3,5,0,3
fault_freeze_noise_med_seed_442_phase_climb,freeze,med,climb,81.5450182709453,NaN,1,2,5,0,2
fault_freeze_noise_med_seed_443_phase_climb,freeze,med,climb,75.1530872692409,NaN,1,7,5,0,7
fault_freeze_noise_med_seed_444_phase_climb,freeze,med,climb,81.2868876232633,NaN,1,4,5,0,4
fault_freeze_noise_med_seed_445_phase_climb,freeze,med,climb,65.0113837956007,NaN,1,4,5,0,4
fault_freeze_noise_med_seed_446_phase_climb,freeze,med,climb,62.6953910219185,NaN,1,1,5,0,1
fault_freeze_noise_med_seed_447_phase_climb,freeze,med,climb,93.0586623042954,NaN,1,7,5,0,7
fault_freeze_noise_med_seed_448_phase_climb,freeze,med,climb,116.43080621895,NaN,1,6,5,0,6
fault_freeze_noise_med_seed_449_phase_climb,freeze,med,climb,61.8911119493666,NaN,1,1,5,0,1
fault_freeze_noise_med_seed_450_phase_climb,freeze,med,climb,77.9768237892478,NaN,1,0,5,0,0
fault_freeze_noise_med_seed_451_phase_descent,freeze,med,descent,518.202289053016,NaN,1,25,5,0,25
fault_freeze_noise_med_seed_452_phase_descent,freeze,med,descent,500.922254259324,NaN,1,21,5,0,21
fault_freeze_noise_med_seed_453_phase_descent,freeze,med,descent,530.820705639801,NaN,1,27,5,0,27
fault_freeze_noise_med_seed_454_phase_descent,freeze,med,descent,518.985548514586,NaN,1,18,5,0,18
fault_freeze_noise_med_seed_455_phase_descent,freeze,med,descent,515.287647083567,NaN,1,26,5,0,26
fault_freeze_noise_med_seed_456_phase_descent,freeze,med,descent,523.191810002894,NaN,1,29,5,0,29
fault_freeze_noise_med_seed_457_phase_descent,freeze,med,descent,502.323553057032,NaN,1,19,5,0,19
fault_freeze_noise_med_seed_458_phase_descent,freeze,med,descent,500.196836562418,NaN,1,21,5,0,21
fault_freeze_noise_med_seed_459_phase_descent,freeze,med,descent,520.099613982543,NaN,1,21,5,0,21
fault_freeze_noise_med_seed_460_phase_descent,freeze,med,descent,507.680923348195,NaN,1,21,5.00000000000006,0,21
fault_freeze_noise_med_seed_461_phase_descent,freeze,med,descent,513.239713608074,NaN,1,26,5,0,26
fault_freeze_noise_med_seed_462_phase_descent,freeze,med,descent,505.618332442131,NaN,1,15,5,0,15
fault_freeze_noise_med_seed_463_phase_descent,freeze,med,descent,501.18311595488,NaN,1,13,5,0,13
fault_freeze_noise_med_seed_464_phase_descent,freeze,med,descent,523.112776145389,NaN,1,21,5,0,21
fault_freeze_noise_med_seed_465_phase_descent,freeze,med,descent,529.577763579323,NaN,1,23,4.89999999999998,0,23
fault_freeze_noise_med_seed_466_phase_descent,freeze,med,descent,524.808044115841,NaN,1,23,5,0,23
fault_freeze_noise_med_seed_467_phase_descent,freeze,med,descent,523.428814735603,NaN,1,20,5,0,20
fault_freeze_noise_med_seed_468_phase_descent,freeze,med,descent,516.412164847211,NaN,1,21,5,0,21
fault_freeze_noise_med_seed_469_phase_descent,freeze,med,descent,528.240849307206,NaN,1,23,5,0,23
fault_freeze_noise_med_seed_470_phase_descent,freeze,med,descent,497.633848393967,NaN,1,22,5,0,22
fault_freeze_noise_med_seed_471_phase_descent,freeze,med,descent,503.01964291392,NaN,1,21,5,0,21
fault_freeze_noise_med_seed_472_phase_descent,freeze,med,descent,534.093155147612,NaN,1,18,5,0,18
fault_freeze_noise_med_seed_473_phase_descent,freeze,med,descent,533.742671047011,NaN,1,29,5,0,29
fault_freeze_noise_med_seed_474_phase_descent,freeze,med,descent,502.677551522125,NaN,1,26,5,0,26
fault_freeze_noise_med_seed_475_phase_descent,freeze,med,descent,520.380848299601,NaN,1,19,5,0,19
fault_freeze_noise_med_seed_476_phase_descent,freeze,med,descent,536.228930207029,NaN,1,23,5,0,23
fault_freeze_noise_med_seed_477_phase_descent,freeze,med,descent,523.390822762543,NaN,1,25,5,0,25
fault_freeze_noise_med_seed_478_phase_descent,freeze,med,descent,516.075424065842,NaN,1,20,5,0,20
fault_freeze_noise_med_seed_479_phase_descent,freeze,med,descent,500.117401884758,NaN,1,26,5,0,26
fault_freeze_noise_med_seed_480_phase_descent,freeze,med,descent,531.734007307406,NaN,1,33,5,0,33
fault_freeze_noise_med_seed_481_phase_descent,freeze,med,descent,527.419477741091,NaN,1,11,5,0,11
fault_freeze_noise_med_seed_482_phase_descent,freeze,med,descent,529.448316943889,NaN,1,15,5,0,15
fault_freeze_noise_med_seed_483_phase_descent,freeze,med,descent,537.118223933199,NaN,1,18,5,0,18
fault_freeze_noise_med_seed_484_phase_descent,freeze,med,descent,509.523849404494,NaN,1,11,5,0,11
fault_freeze_noise_med_seed_485_phase_descent,freeze,med,descent,502.518299853053,NaN,1,20,5,0,20
fault_freeze_noise_med_seed_486_phase_descent,freeze,med,descent,496.492744357709,NaN,1,22,5,0,22
fault_freeze_noise_med_seed_487_phase_descent,freeze,med,descent,500.98472167649,NaN,1,22,5,0,22
fault_freeze_noise_med_seed_488_phase_descent,freeze,med,descent,497.785140929976,NaN,1,26,5,0,26
fault_freeze_noise_med_seed_489_phase_descent,freeze,med,descent,508.546886627361,NaN,1,21,5,0,21
fault_freeze_noise_med_seed_490_phase_descent,freeze,med,descent,497.234861117961,NaN,1,20,5,0,20
fault_freeze_noise_med_seed_491_phase_descent,freeze,med,descent,507.319093542941,NaN,1,18,5,0,18
fault_freeze_noise_med_seed_492_phase_descent,freeze,med,descent,503.361867789597,NaN,1,18,5,0,18
fault_freeze_noise_med_seed_493_phase_descent,freeze,med,descent,521.330267340349,NaN,1,25,5,0,25
fault_freeze_noise_med_seed_494_phase_descent,freeze,med,descent,510.246229629192,NaN,1,14,4.99999999999994,0,14
fault_freeze_noise_med_seed_495_phase_descent,freeze,med,descent,495.432301586954,NaN,1,29,5,0,29
fault_freeze_noise_med_seed_496_phase_descent,freeze,med,descent,512.384982057987,NaN,1,25,5,0,25
fault_freeze_noise_med_seed_497_phase_descent,freeze,med,descent,498.873254113748,NaN,1,23,5,0,23
fault_freeze_noise_med_seed_498_phase_descent,freeze,med,descent,498.289728357015,NaN,1,24,5,0,24
fault_freeze_noise_med_seed_499_phase_descent,freeze,med,descent,529.813495061404,NaN,1,17,5,0,17
fault_freeze_noise_med_seed_500_phase_descent,freeze,med,descent,498.632282101398,NaN,1,26,5,0,26
fault_freeze_noise_high_seed_501_phase_climb,freeze,high,climb,100.844491864035,NaN,1,93,5,0,93
fault_freeze_noise_high_seed_502_phase_climb,freeze,high,climb,89.6533658602049,NaN,1,100,5,0,100
fault_freeze_noise_high_seed_503_phase_climb,freeze,high,climb,100.435481872322,0,0,101,0,0,101
fault_freeze_noise_high_seed_504_phase_climb,freeze,high,climb,65.8874031297684,NaN,1,67,5,0,67
fault_freeze_noise_high_seed_505_phase_climb,freeze,high,climb,78.4174700265578,0,0,94,0,0,94
fault_freeze_noise_high_seed_506_phase_climb,freeze,high,climb,98.9947145765372,NaN,1,111,5,0,111
fault_freeze_noise_high_seed_507_phase_climb,freeze,high,climb,87.4461825125719,NaN,1,94,5,0,94
fault_freeze_noise_high_seed_508_phase_climb,freeze,high,climb,72.9820958462131,0,0,76,0,0,76
fault_freeze_noise_high_seed_509_phase_climb,freeze,high,climb,67.5305847055527,NaN,1,76,5,0,76
fault_freeze_noise_high_seed_510_phase_climb,freeze,high,climb,81.4534792654113,NaN,1,96,5,0,96
fault_freeze_noise_high_seed_511_phase_climb,freeze,high,climb,83.596522097106,NaN,1,96,5,0,96
fault_freeze_noise_high_seed_512_phase_climb,freeze,high,climb,100.053072843617,NaN,1,121,5,0,121
fault_freeze_noise_high_seed_513_phase_climb,freeze,high,climb,99.1194695281653,NaN,1,109,5,0,109
fault_freeze_noise_high_seed_514_phase_climb,freeze,high,climb,69.4546314694047,0,0,78,0,0,78
fault_freeze_noise_high_seed_515_phase_climb,freeze,high,climb,105.839530948385,NaN,1,104,5,0,104
fault_freeze_noise_high_seed_516_phase_climb,freeze,high,climb,96.5814087731825,NaN,1,104,5,0,104
fault_freeze_noise_high_seed_517_phase_climb,freeze,high,climb,69.2895792082994,NaN,1,70,5,0,70
fault_freeze_noise_high_seed_518_phase_climb,freeze,high,climb,102.73586789359,0,0,112,0,0,112
fault_freeze_noise_high_seed_519_phase_climb,freeze,high,climb,112.966689365657,NaN,1,125,5,0,125
fault_freeze_noise_high_seed_520_phase_climb,freeze,high,climb,110.551871074476,NaN,1,119,5,0,119
fault_freeze_noise_high_seed_521_phase_climb,freeze,high,climb,66.4404423255864,0,0,77,0,0,77
fault_freeze_noise_high_seed_522_phase_climb,freeze,high,climb,64.3081972816609,NaN,1,78,5,0,78
fault_freeze_noise_high_seed_523_phase_climb,freeze,high,climb,116.322755564596,NaN,1,148,5,0,148
fault_freeze_noise_high_seed_524_phase_climb,freeze,high,climb,72.7423384400886,NaN,1,80,5.00000000000001,0,80
fault_freeze_noise_high_seed_525_phase_climb,freeze,high,climb,108.227552612548,NaN,1,121,5,0,121
fault_freeze_noise_high_seed_526_phase_climb,freeze,high,climb,115.263161390063,NaN,1,133,5,0,133
fault_freeze_noise_high_seed_527_phase_climb,freeze,high,climb,77.361335827144,NaN,1,90,5,0,90
fault_freeze_noise_high_seed_528_phase_climb,freeze,high,climb,88.9682352453215,NaN,1,112,5,0,112
fault_freeze_noise_high_seed_529_phase_climb,freeze,high,climb,81.4290125802018,0,0,96,0,0,96
fault_freeze_noise_high_seed_530_phase_climb,freeze,high,climb,105.5202569144,0,0,115,0,0,115
fault_freeze_noise_high_seed_531_phase_climb,freeze,high,climb,93.2649648476238,NaN,1,100,5,0,100
fault_freeze_noise_high_seed_532_phase_climb,freeze,high,climb,90.8632594102463,NaN,1,95,5,0,95
fault_freeze_noise_high_seed_533_phase_climb,freeze,high,climb,99.1047083770083,NaN,1,116,5,0,116
fault_freeze_noise_high_seed_534_phase_climb,freeze,high,climb,73.5529502764339,NaN,1,87,5,0,87
fault_freeze_noise_high_seed_535_phase_climb,freeze,high,climb,65.0027249733846,NaN,1,72,5,0,72
fault_freeze_noise_high_seed_536_phase_climb,freeze,high,climb,114.591736821495,NaN,1,124,5,0,124
fault_freeze_noise_high_seed_537_phase_climb,freeze,high,climb,74.4180246335415,0,0,83,0,0,83
fault_freeze_noise_high_seed_538_phase_climb,freeze,high,climb,81.2993944305163,NaN,1,82,5,0,82
fault_freeze_noise_high_seed_539_phase_climb,freeze,high,climb,86.8374599749299,NaN,1,101,5,0,101
fault_freeze_noise_high_seed_540_phase_climb,freeze,high,climb,108.406753347555,NaN,1,129,5,0,129
fault_freeze_noise_high_seed_541_phase_climb,freeze,high,climb,83.5001912893248,NaN,1,96,5,0,96
fault_freeze_noise_high_seed_542_phase_climb,freeze,high,climb,65.0172249297346,NaN,1,79,5,0,79
fault_freeze_noise_high_seed_543_phase_climb,freeze,high,climb,115.784589949577,NaN,1,139,5,0,139
fault_freeze_noise_high_seed_544_phase_climb,freeze,high,climb,87.0726904940012,NaN,1,112,5,0,112
fault_freeze_noise_high_seed_545_phase_climb,freeze,high,climb,102.121262704157,NaN,1,112,5,0,112
fault_freeze_noise_high_seed_546_phase_climb,freeze,high,climb,111.658855703542,0,0,119,0,0,119
fault_freeze_noise_high_seed_547_phase_climb,freeze,high,climb,87.9436866180864,NaN,1,110,5,0,110
fault_freeze_noise_high_seed_548_phase_climb,freeze,high,climb,88.2612563449651,0,0,99,0,0,99
fault_freeze_noise_high_seed_549_phase_climb,freeze,high,climb,115.300287102318,NaN,1,149,5,0,149
fault_freeze_noise_high_seed_550_phase_climb,freeze,high,climb,99.7609356651818,NaN,1,101,5,0,101
fault_freeze_noise_high_seed_551_phase_descent,freeze,high,descent,508.100072307856,NaN,1,562,5.00000000000006,0,562
fault_freeze_noise_high_seed_552_phase_descent,freeze,high,descent,518.968768445966,NaN,1,571,5,0,571
fault_freeze_noise_high_seed_553_phase_descent,freeze,high,descent,516.126664502082,NaN,1,584,5,0,584
fault_freeze_noise_high_seed_554_phase_descent,freeze,high,descent,510.390408786934,0,0,557,0,0,557
fault_freeze_noise_high_seed_555_phase_descent,freeze,high,descent,510.43318855992,NaN,1,587,5,0,587
fault_freeze_noise_high_seed_556_phase_descent,freeze,high,descent,526.970392796133,NaN,1,623,5,0,623
fault_freeze_noise_high_seed_557_phase_descent,freeze,high,descent,525.377937972104,NaN,1,589,5,0,589
fault_freeze_noise_high_seed_558_phase_descent,freeze,high,descent,526.837381484566,NaN,1,563,5,0,563
fault_freeze_noise_high_seed_559_phase_descent,freeze,high,descent,535.253617002535,NaN,1,623,5,0,623
fault_freeze_noise_high_seed_560_phase_descent,freeze,high,descent,534.15509275624,NaN,1,608,5,0,608
fault_freeze_noise_high_seed_561_phase_descent,freeze,high,descent,530.979331851912,NaN,1,595,5,0,595
fault_freeze_noise_high_seed_562_phase_descent,freeze,high,descent,499.175025549232,NaN,1,562,5,0,562
fault_freeze_noise_high_seed_563_phase_descent,freeze,high,descent,508.657758934112,NaN,1,560,5.00000000000006,0,560
fault_freeze_noise_high_seed_564_phase_descent,freeze,high,descent,500.808997041034,NaN,1,540,5,0,540
fault_freeze_noise_high_seed_565_phase_descent,freeze,high,descent,532.091332173223,NaN,1,592,5,0,592
fault_freeze_noise_high_seed_566_phase_descent,freeze,high,descent,517.142163624271,NaN,1,542,5,0,542
fault_freeze_noise_high_seed_567_phase_descent,freeze,high,descent,510.089012099962,0,0,547,0,0,547
fault_freeze_noise_high_seed_568_phase_descent,freeze,high,descent,533.426449817668,NaN,1,578,5,0,578
fault_freeze_noise_high_seed_569_phase_descent,freeze,high,descent,521.7775488914,0,0,572,0,0,572
fault_freeze_noise_high_seed_570_phase_descent,freeze,high,descent,503.170819637451,NaN,1,555,5,0,555
fault_freeze_noise_high_seed_571_phase_descent,freeze,high,descent,524.150074257534,NaN,1,625,5,0,625
fault_freeze_noise_high_seed_572_phase_descent,freeze,high,descent,529.760034037055,NaN,1,579,5,0,579
fault_freeze_noise_high_seed_573_phase_descent,freeze,high,descent,537.841515366562,NaN,1,613,5,0,613
fault_freeze_noise_high_seed_574_phase_descent,freeze,high,descent,505.434868337106,NaN,1,542,5,0,542
fault_freeze_noise_high_seed_575_phase_descent,freeze,high,descent,520.763823813401,NaN,1,592,5,0,592
fault_freeze_noise_high_seed_576_phase_descent,freeze,high,descent,501.330156881554,NaN,1,526,5,0,526
fault_freeze_noise_high_seed_577_phase_descent,freeze,high,descent,516.959519845163,0,0,593,0,0,593
fault_freeze_noise_high_seed_578_phase_descent,freeze,high,descent,521.646004901283,NaN,1,543,5,0,543
fault_freeze_noise_high_seed_579_phase_descent,freeze,high,descent,524.899163781237,NaN,1,584,5,0,584
fault_freeze_noise_high_seed_580_phase_descent,freeze,high,descent,530.344850322209,NaN,1,620,5,0,620
fault_freeze_noise_high_seed_581_phase_descent,freeze,high,descent,498.085533077143,NaN,1,564,5,0,564
fault_freeze_noise_high_seed_582_phase_descent,freeze,high,descent,533.491567339508,NaN,1,607,5,0,607
fault_freeze_noise_high_seed_583_phase_descent,freeze,high,descent,525.548958598242,NaN,1,596,5,0,596
fault_freeze_noise_high_seed_584_phase_descent,freeze,high,descent,511.138529585799,NaN,1,558,5.00000000000006,0,558
fault_freeze_noise_high_seed_585_phase_descent,freeze,high,descent,513.480619117379,NaN,1,535,5,0,535
fault_freeze_noise_high_seed_586_phase_descent,freeze,high,descent,498.861229944588,0,0,557,0,0,557
fault_freeze_noise_high_seed_587_phase_descent,freeze,high,descent,535.608028776973,0,0,603,0,0,603
fault_freeze_noise_high_seed_588_phase_descent,freeze,high,descent,498.240510645755,NaN,1,509,5,0,509
fault_freeze_noise_high_seed_589_phase_descent,freeze,high,descent,537.761856744179,NaN,1,596,5,0,596
fault_freeze_noise_high_seed_590_phase_descent,freeze,high,descent,513.86501508797,NaN,1,541,5,0,541
fault_freeze_noise_high_seed_591_phase_descent,freeze,high,descent,521.086066857636,NaN,1,596,5,0,596
fault_freeze_noise_high_seed_592_phase_descent,freeze,high,descent,514.951113371002,0,0,576,0,0,576
fault_freeze_noise_high_seed_593_phase_descent,freeze,high,descent,507.479443616045,NaN,1,566,5,0,566
fault_freeze_noise_high_seed_594_phase_descent,freeze,high,descent,523.452082067739,NaN,1,589,5,0,589
fault_freeze_noise_high_seed_595_phase_descent,freeze,high,descent,513.834509275806,NaN,1,606,5,0,606
fault_freeze_noise_high_seed_596_phase_descent,freeze,high,descent,501.338964578778,NaN,1,512,5,0,512
fault_freeze_noise_high_seed_597_phase_descent,freeze,high,descent,516.197586569754,NaN,1,568,5,0,568
fault_freeze_noise_high_seed_598_phase_descent,freeze,high,descent,511.176737214087,NaN,1,547,5.00000000000006,0,547
fault_freeze_noise_high_seed_599_phase_descent,freeze,high,descent,497.613110545895,NaN,1,545,5,0,545
fault_freeze_noise_high_seed_600_phase_descent,freeze,high,descent,500.851738115949,NaN,1,555,5,0,555
